Model,Accuracy,ROC AUC,Random Chance
Logistic Regression,0.7586206896551724,0.7047619047619047,0.5172413793103449
Random Forest,0.5517241379310345,0.611904761904762,0.5172413793103449
Gradient Boosting,0.5862068965517241,0.5,0.5172413793103449
XGBoost,0.6551724137931034,0.719047619047619,0.5172413793103449
